nombre,apellido,edad,telefono
Aaron,Abelt,1,485560280
Abbey,Bundge,8,40658094
Abby,Amon,82,93189435
Abel,Barenz,34,1371570003
Abigail,Altenbuchner,70,2069110699
Adam,Ubensee,5,2084420925
Adrian,Aichholzer,98,915256190
Adriana,Anderleit,81,931489114
Adrienne,Althoven,5,151519934
Aimee,Ameling,96,1467963981
Aisha,Botcher,48,1752143421
Alaina,Bodker,64,636600769
Alan,Albersmann,49,1886086990
Alana,Andress,37,216220853
Alanna,Buschgen,81,2074216439
Albert,Altenhofen,92,235745791
Alberto,Andressen,62,309112297
Alejandra,Badeker,63,1242754098
Alejandro,Altmann,22,1617876982
Alex,Ahrends,84,1176911340
Alexander,Achtzenich,43,387346491
Alexandra,Aichmair,79,11614769
Alexis,Alborn,56,31308902
Alfonso,Bartsch,16,1343457914
Alfred,Arendt,67,773446912
Alfredo,Anglsperger,41,750167716
Alice,Arhold,26,52775474
Alicia,Adames,29,1884661237
Alisa,Aymans,79,1076919591
Alisha,Alich,96,1989806367
Alison,Aipperspach,42,950390868
Alissa,Andriss,57,286448566
Allan,Augl,26,1608340634
Allen,Alischer,14,1276673168
Allison,Adams,18,1605894428
Allyson,Arista,80,896925393
Alma,Aufderhorst,91,144874089
Alonzo,Bundges,45,349121784
Alvin,Appelhans,55,1340157793
Alyson,Aufderhaar,40,959658925
Alyssa,Alexius,90,2002495425
Amanda,Ohm,63,1967513926
Amber,Aartz,88,709393584
Amelia,Andreas,21,219544266
Amie,Aswaldt,99,1651675551
Amy,Abele,26,1749698586
Ana,Altkruger,89,1959343768
Anastasia,Bokenhans,40,2138078721
Andre,Aldermann,26,1081174232
Andrea,Achnitz,96,289700723
Andres,Andrea,83,1669475776
Andrew,Ollerich,67,468703135
Andy,Anoch,90,1833488263
Angel,Altenstrasser,54,1983614030
Angela,Abstreiter,3,515530019
Angelica,Althaus,76,1985433483
Angelina,Angenheister,74,1528806445
Angelique,Bucheler,0,1131189562
Angelo,Arnim,21,2115227667
Angie,Bauerlein,94,80329499
Anita,Anters,38,900104667
Ann,Altmeier,43,1388803074
Anna,Adler,72,2086206725
Anne,Alt,6,959372260
Annette,Arnds,41,1812718902
Annie,Andriessen,31,1031126087
Anthony,Ottl,91,1424268980
Antoine,Andries,90,1238498976
Antoinette,Appen,45,1567022181
Antonio,Agunte,79,620145550
April,Ade,43,2112255763
Ariana,Bornge,34,612203759
Ariel,Asbrand,59,193552063
Arielle,Burglin,23,106242869
Armando,Andreasson,9,1431742587
Arthur,Alth,70,1605539862
Arturo,Ankirchner,99,1738076217
Ashely,Bockenkroger,11,716898500
Ashlee,Almritter,10,1051858969
Ashleigh,Amediek,63,1630387677
Ashley,Ohler,49,1189641421
Ashlie,Auferkamp,42,442982639
Ashly,Banisch,53,1482841197
Asia,Bucherl,17,2021449807
Athena,Buchler,85,574620392
Aubrey,Anhauser,52,915711850
Audra,Backerbauer,20,707184680
Audrey,Altmannsperger,26,1421186593
Austin,Alberding,67,212251746
Autumn,Amhofer,83,772970072
Bailey,Burger,76,1401262337
Barry,Andresz,27,787689126
Beatrice,Buschkens,65,878777377
Beau,Armbrust,29,311269559
Becky,Aumuller,25,922587542
Belinda,Baurle,7,1143849810
Ben,Bockenberg,87,495375861
Benjamin,Abelmann,97,927612902
Bernard,Arne,8,1891342723
Beth,Amberg,30,1988714904
Bethany,Aichmann,50,246247255
Betsy,Bohmer,67,1917104697
Betty,Austermuehl,84,1989200801
Beverly,Backler,98,1623804486
Bianca,Angenoort,97,332238283
Billie,Buch,89,1113331867
Billy,Altendorf,22,410228794
Blaine,Burckel,49,995097051
Blair,Aunkofer,74,2037335344
Blake,Aichwald,26,1411154259
Blanca,Bockenhoff,35,1390387708
Bobbi,Bockenhaupt,24,343886628
Bobbie,Aubrecht,31,263419017
Bobby,Allworden,12,1112720090
Bonnie,Anau,65,204102747
Brad,Anderhalten,98,1891252715
Bradford,Batge,52,1498387409
Bradley,Adamski,43,1987231011
Branden,Angelkorte,84,1476453195
Brandi,Ahlbrecht,99,1973387981
Brandie,Arndt,10,895873480
Brandon,Olschlager,22,635723058
Brandy,Ahrend,26,437116466
Breanna,Arendz,2,1321756868
Breanne,Bokenkamp,5,309667127
Brenda,Alden,43,1472576335
Brendan,Ambach,17,551836836
Brendon,Buhrer,42,1634296630
Brenna,Batcke,29,546389569
Brent,Aichelin,20,155789224
Brenton,Arz,19,1692786742
Bret,Austermuhlen,76,1170132540
Brett,Affelt,24,1884167637
Brian,Ostreich,98,1973594324
Briana,Angenfort,55,1779289672
Brianna,Altrogge,88,672032919
Brianne,Apel,26,221713886
Bridgette,Axmacher,51,64564349
Britni,Buschken,74,517408978
Brittani,Audt,56,695991608
Brittany,Abbel,3,1918502651
Brittney,Aichemuller,30,195740084
Brock,Apitius,64,562395735
Brooke,Alber,90,1781999754
Brooks,Buschl,34,1455252833
Bruce,Alts,10,639806732
Bryan,Achtsnicht,93,269441500
Bryant,Arnhold,10,984124220
Bryce,Andrejska,37,1663080928
Bryon,Burgler,82,1454580282
Caitlin,Aichbichler,13,476667372
Caitlyn,Bonsch,3,1510574887
Caleb,Almoslochner,12,1106059479
Callie,Atmanspacher,89,1211721386
Calvin,Althof,36,29777560
Cameron,Altenkirch,47,1204462951
Camille,Antz,69,434290636
Candace,Albers,68,364319529
Candice,Aichhammer,22,337739299
Cara,Altman,5,927376882
Carissa,Antonius,79,987706141
Carl,Albertshofer,60,932026304
Carla,Altstedde,37,337745691
Carlos,Ahlbrand,60,937370163
Carlton,Bolck,21,1527793660
Carly,Ambrosius,49,577721120
Carmen,Andersson,1,207621703
Carol,Andriss,10,928140528
Carolina,Bohlcke,14,356228371
Caroline,Alterman,16,962033002
Carolyn,Altenburger,69,1190668363
Carrie,Aichriedler,4,201690613
Casandra,Bohme,83,1817049764
Casey,Aichelberger,39,1335939811
Cassandra,Aengenheiser,78,1346811305
Cassidy,Bocker,34,129183332
Catherine,Agneskirchner,0,776532036
Catrina,Buchert,69,717032538
Cecilia,Arnd,19,1163384280
Cedric,Andreya,51,146533149
Celeste,Austermuhle,37,1364180570
Celia,Bogelspacher,40,1776088411
Chad,Adelt,28,532670688
Chance,Arnegger,93,597010431
Chandra,Bodicker,13,1684259683
Chanel,Barthold,8,1048938329
Chantel,Aymanns,2,1017565625
Charles,Aberl,86,593209441
Charlie,Aufderbeck,52,1175446571
Chase,Alletsee,46,358532290
Chasity,Appelhoff,68,929588156
Chelsea,Aichbauer,42,1057467587
Chelsey,Andter,41,1934392735
Cherie,Borkircher,42,1475952280
Cheryl,Amhof,34,1582152040
Chiquita,Boning,98,1562887660
Chris,Arth,86,625843881
Christa,Apprichs,59,1868423919
Christen,Auperle,96,547407330
Christian,Aichwalder,44,282828202
Christie,Andersohn,13,1503967857
Christin,Aysenberg,61,44804919
Christina,Assenmacher,14,1548233367
Christine,Adam,58,2130794395
Christopher,Ochsner,77,1714636915
Christy,Altemann,71,1152645729
Chrystal,Aufenberg,99,604263370
Ciara,Aufdemkampe,1,839425676
Cierra,Barwinkel,85,1353668775
Claire,Amstutz,72,1691449122
Clarence,Arendsen,66,403068011
Clarissa,Arnolds,95,1589513899
Claudia,Altstadt,46,114760235
Clay,Bockens,15,1891066487
Clayton,Althuser,18,786039021
Clifton,Arnholtz,13,1105629391
Clint,Arntz,33,917609663
Cody,Adami,35,1350573793
Colby,Apfel,93,2079611790
Cole,Amthor,54,217927335
Colin,Altermann,31,1707746139
Colleen,Altemoller,7,2037770478
Collin,Assall,3,1005418816
Connie,Atzmuller,17,750679664
Constance,Augenstein,95,1541417540
Corey,Adomat,46,392035568
Cori,Buning,25,1559436157
Corina,Buschking,69,413892161
Corinne,Baumler,86,1098193842
Cornelius,Bolcke,83,729568616
Cortney,Anthofer,32,1337434154
Cory,Ahrens,36,1237379107
Courtney,Ackmann,74,1626276121
Craig,Ahnert,90,1967681095
Crystal,Abelein,94,1956297539
Curtis,Aichner,21,1017679567
Cynthia,Ahaus,68,619290071
Dale,Andersen,90,235202254
Dallas,Au,21,1777288820
Damian,Ausdermuhle,32,942581876
Damien,Apprecht,75,1372668364
Damon,Aschoff,87,245240853
Dana,Aichelen,27,1414829150
Dane,Andree,90,2010794583
Daniel,Ohmchen,40,1540383426
Daniela,Boddeker,82,95275444
Danielle,Abbrecht,54,1474612399
Danny,Altdorfer,5,159473059
Dante,Bohmermann,74,1607500335
Darcy,Buschke,1,233614511
Darin,Bockenkamp,63,1631207466
Darius,Artelt,86,359147515
Darlene,Bahren,72,256804978
Darnell,Arendts,92,1348361729
Darrell,Ambrock,5,746349250
Darrin,Bokmann,20,1456139563
Darryl,Anderhub,9,1105816539
Daryl,Apetz,52,192532621
David,Ohmichen,72,1303455736
Dawn,Altes,96,2073785404
Dayna,Bottger,68,1041356631
Dean,Angenendt,8,2135019593
Deandre,Backer,88,1031207394
Deanna,Altendorfer,73,773319847
Debbie,Bunnagel,35,1217038602
Deborah,Altschmied,94,406011017
Demetrius,Armstorff,62,530406424
Denise,Albrechtsen,59,12895151
Dennis,Aiglstorfer,84,1676902021
Derek,Adel,13,1067854538
Derick,Batje,47,1750829613
Derrick,Ahrndt,87,1823089412
Desirae,Buurma,1,1488873165
Desiree,Alder,82,672655340
Desmond,Arendsee,81,2053232475
Destiny,Assenmacher,0,305564045
Devin,Aldenhoff,67,561717988
Devon,Andreson,15,813274570
Dewayne,Bundgens,44,365862802
Dexter,Bodger,68,1396768681
Diana,Aich,36,298625210
Diane,Andorfer,71,595311776
Dianna,Bauerl,20,1038828826
Diego,Bose,52,614340012
Dillon,Boker,69,258219170
Dominic,Ambiel,89,1360613073
Dominick,Bockenhuser,79,6938620
Dominique,Aichelmann,22,1389867269
Dominque,Bumann,34,1166437685
Don,Bahnsch,98,219994425
Donald,Aengeneyndt,61,396473730
Donna,Amstein,23,1981208324
Donnie,Bosz,37,553918865
Donovan,Barsauter,63,1003463633
Donte,Borgers,57,1922018481
Dorothy,Apell,83,1880346039
Douglas,Ahlers,99,1501252996
Drew,Aldes,60,410409117
Dustin,Abrecht,28,2040332871
Dwight,Austum,96,457676440
Dylan,Amberger,33,483689685
Earl,Apperger,23,1910210050
Ebony,Altenkruger,31,521035021
Eddie,Anderegg,28,932862806
Edith,Burgle,39,318333694
Eduardo,AndraXXV,34,1341443181
Edward,Adlkirchner,44,1172755590
Edwin,Amberge,71,1250372661
Eileen,Auberlen,33,1090099484
Elaine,Armbruster,98,1139352160
Elena,Anzenhofer,65,1998994314
Eli,Auerbeck,95,1947867422
Elias,Bockelmann,16,421825361
Elijah,Arend,83,1848520019
Elisa,Arends,4,1953161956
Elisabeth,Angerstein,62,1402492972
Elisha,Backel,43,1764892438
Elissa,Busch,64,1918386023
Elizabeth,Ozdemir,96,135497281
Elliot,Baselt,92,1565306616
Elliott,Barthel,85,2028720897
Elyse,Arning,29,836802671
Emanuel,Auferrodt,98,1153263590
Emily,Abels,52,660260756
Emmanuel,Anderhalden,91,1417076376
Enrique,Appels,71,568275358
Eric,Overmohle,62,42999170
Erica,Achtelik,46,439493451
Erick,Andris,77,413360099
Ericka,Ascherl,33,837626799
Erik,Aichele,5,719346228
Erika,Aichel,21,2001229904
Erin,Abgarjan,81,822890675
Ernest,Andersson,82,803590181
Ernesto,Arnsberg,69,695258232
Esmeralda,Bockenholt,70,1853101996
Ethan,Arez,41,390848153
Eugene,Andreessen,28,1351538839
Eva,Anselm,71,2078107280
Evan,Aicher,92,2006811972
Evelyn,Anderhofstadt,16,262178224
Everett,Buschkes,66,531352976
Fabian,Bartle,79,104852634
Faith,Auburger,9,724025165
Fallon,Bogelein,72,353673391
Felicia,Albaum,33,1280321648
Felipe,Bokelmann,52,284665220
Felix,Badecker,18,2131058752
Fernando,Amedick,67,714880226
Floyd,Burkle,53,54449299
Forrest,Burck,30,859310840
Frances,Andrie,93,481928577
Francesca,Bodiker,35,1820965014
Francisco,Altburger,49,2137100237
Frank,Aichelsreiter,96,619054081
Frankie,Buchle,18,1219377470
Franklin,Angelkort,68,1736491298
Fred,Barens,49,599529154
Frederick,Amfaldern,72,1763794427
Fredrick,Austermuhl,7,1727952741
Gabriel,Aichert,72,570073850
Gabriela,Apfl,31,616734673
Garrett,Alper,20,970925433
Gary,Ahrenz,79,1057418418
Gavin,Aufmhof,13,286791631
Gene,Boschl,0,1660038320
Genevieve,Ausdemmoore,50,1101533292
Geoffrey,Ambronn,68,1122336503
George,Agnischock,52,1273911899
Gerald,Altmannshofer,93,1124311574
Gerard,Boschken,23,547772603
Gerardo,Apitz,48,78374295
Gilbert,Appl,0,1903409954
Gina,Albracht,94,820697697
Ginger,Bottcher,4,1659239833
Giovanni,Burkel,36,1823025015
Glen,Ausborn,19,192048860
Glenn,Andreer,14,632651476
Gloria,Andreesen,92,500037525
Gordon,Bacht,28,1339388427
Grace,Andert,96,831768825
Graham,Aufterbeck,38,1145151225
Greg,Buchele,99,701943705
Gregory,Achsnich,18,168002245
Gretchen,Bathke,28,1812247776
Guadalupe,Artes,49,1987519915
Guillermo,Bock,24,1813511382
Gustavo,Bathje,95,25222833
Guy,Boschel,13,1368062958
Gwendolyn,Bodiger,99,224048977
Hailey,Borger,54,1815754673
Haley,Ambuhl,10,1986894018
Hannah,Albrecht,0,1739000681
Harrison,Bockh,39,2011662880
Harry,Angermuller,85,411522957
Hayley,Arlinghaus,85,827385948
Heath,Asendorf,69,332702450
Heather,Ottle,56,749241873
Hector,Althofes,63,1392740049
Heidi,Aldenhoven,92,1841585795
Helen,Angen,76,96055805
Henry,Almstedt,55,826047641
Herbert,Bosshenz,84,1456748696
Herman,Burcky,89,2070707654
Hilary,Andorfer,97,1364090032
Hillary,Andratschke,57,63299708
Hollie,Assenbrunner,78,129834447
Holly,Adloff,69,968338082
Howard,Arendes,33,990526343
Hugo,Bosing,36,1973521090
Hunter,Atorf,53,883799426
Ian,Ahn,13,1662739668
India,Ansell,59,222028828
Irene,Aretz,96,717293418
Iris,Baker,16,1558581086
Isabel,Aulmann,3,1158747661
Isaiah,Arnt,69,93155710
Ismael,Bockers,93,896551633
Israel,Aschenbruck,5,304505404
Ivan,Andrae,6,1242990415
Ivy,Bolting,82,1818084292
Jack,Althenhof,99,378469911
Jackie,Asperger,4,933596911
Jacklyn,Bohnlein,29,745792349
Jaclyn,Aldejohann,85,70636429
Jacob,Aberlein,44,1947346619
Jacqueline,Adolphs,99,654887343
Jacquelyn,Ambaum,90,1022963858
Jade,Antony,12,1794292538
Jaime,Althans,36,1338299904
Jake,Anderstiegen,87,209359415
Jamal,Arntzen,87,298167279
Jamar,Baucke,44,1638253540
Jamel,Burkler,10,237140292
James,Ohmigen,11,521595368
Jameson,Bockenhauer,41,313823293
Jami,Appenheimer,61,14933990
Jamie,Abitzsch,67,498777856
Jana,Appelmann,23,1987323286
Jane,Apitzsch,77,752704313
Janelle,Ambacher,63,362575055
Janet,Ament,79,1104627321
Janice,Apprich,42,1987235624
Janie,Buscher,55,1135386147
Janine,Bocken,43,1731563037
Janna,Bottiger,74,1798027458
Jared,Adibekjan,90,1398295499
Jarod,Burkl,17,419481884
Jarred,Batke,26,360022300
Jarrett,Backe,87,700287639
Jarvis,Barend,7,1453048498
Jasmin,Asal,24,1386510139
Jasmine,Albersdorfer,0,484238046
Jason,Omichen,69,1125898167
Javier,Altnickel,79,1725138377
Jay,Alther,27,488663950
Jayme,Aschmetkat,15,1521740435
Jayson,Aukofer,56,1731190952
Jean,Bar,35,703955951
Jeannette,Bornert,54,1579952366
Jeannie,Burklin,42,543906158
Jeff,Bonig,68,1579059895
Jeffery,Aichmeyer,93,1520223205
Jeffrey,Abeldt,39,1984210012
Jena,Arold,39,1015857464
Jenifer,Arts,33,240854387
Jenna,Adem,69,492067917
Jennie,Assal,57,1230769829
Jennifer,Ohlrich,62,1350490027
Jenny,Altenhofer,31,1968217462
Jeremiah,Albertsen,14,861543921
Jeremy,Abeling,67,1892066601
Jermaine,Anderbrugge,7,1487053959
Jerome,Ammerschuber,59,168057522
Jerrod,Bosch,73,894869401
Jerry,Albuschat,39,1380171692
Jesse,Achtznich,27,841148365
Jessica,Oder,93,424238335
Jessie,Anderheyden,6,2025554010
Jesus,Albersen,88,624549797
Jill,Alpert,38,873524566
Jillian,Albrand,99,1583571043
Jimmie,Boshans,25,1019382894
Jimmy,Altenbrunn,93,553160358
Joan,Bultena,54,339980538
Joann,Bohm,96,960188534
Joanna,Akman,36,1908518808
Joanne,Auffenberg,39,1033206202
Jodi,Andersick,50,1280311131
Jody,Aysen,84,609707131
Joel,Aengenoordt,44,434248626
Joey,Anna,54,2118801173
John,Olke,82,861021530
Johnathan,Aldehoff,49,1455590964
Johnathon,Ansel,37,301373537
Johnnie,Buchel,32,1788986238
Johnny,Alings,90,1186631626
Jolene,Batz,0,1793256508
Jon,Altenhof,82,1302539390
Jonathan,Osterlein,21,1914544919
Jonathon,Alscher,70,1541027284
Joni,Burgelin,57,145376088
Jordan,Adolfs,48,502278611
Jorge,Alderman,41,400000569
Jose,Achtsnit,87,1982275856
Joseph,Oller,62,233665123
Josephine,Bockenfeld,60,194064088
Joshua,Ohlschlager,90,1102520059
Josiah,Awater,73,1173002606
Josue,Bockenhold,62,2113556942
Joy,Anderle,9,343945053
Joyce,Aufenanger,13,79065186
Juan,Aengenendt,5,1369321801
Juanita,Aschenbrucker,12,819485269
Judith,Aufdem,71,1047196295
Judy,Bartels,81,461851014
Julia,Aichholzer,25,1635905385
Julian,Althen,57,435889744
Juliana,Augstein,58,1390865725
Julianna,Burgers,97,1331565220
Julianne,Arnholz,38,1403938270
Julie,Adlkofer,5,243268139
Julius,Bachle,31,838139053
Justin,Ortel,93,2089018456
Justina,Bultermann,42,364531492
Kaitlin,Amerein,70,1312994984
Kali,Buchen,57,2018373832
Kandice,Buschen,90,481387902
Kara,Akker,58,777210498
Karen,Aichhofer,40,1343606042
Kari,Althofer,38,628974580
Karina,Arents,83,1489692377
Karissa,Borners,55,242639747
Kassandra,Bosche,38,1810713171
Kate,Althoff,44,216588711
Katelyn,Altpeter,62,1464415775
Katharine,Andri,39,1449228398
Katherine,Achnit,40,1631518149
Kathleen,Ahl,81,7684930
Kathryn,Adelhardt,6,1782436840
Kathy,Arnz,94,499429649
Katie,Achtznick,59,1760281936
Katrina,Aichman,73,1662981776
Katy,Arndts,26,1024027583
Kayla,Alberth,86,1795519125
Keisha,Arets,33,379366797
Keith,Aenderl,40,87755422
Kelley,Annecke,15,610486506
Kelli,Almsick,89,104152274
Kellie,Anderssohn,20,476152433
Kelly,Abl,97,524872353
Kelvin,Anstett,61,190113083
Kendall,Bander,77,2033261900
Kendra,Altenburg,17,864101839
Kendrick,Bansch,32,1702943003
Kenneth,Achtnichts,41,438792350
Kenny,Assemin,22,2117303605
Kent,Auferkorte,37,4744263
Keri,Andresen,88,772634225
Kerry,Arens,31,813465002
Keshia,Bugelsteiber,90,1572255140
Kevin,Uhle,46,1632621729
Kimberley,Boschke,80,612816071
Kimberly,Abel,76,1843993368
Kira,Asenkerschbaumer,87,67974802
Kirk,Arbeit,69,1779451238
Kirsten,Anspach,65,1143195511
Kody,Burklen,50,2134113236
Korey,Bulck,91,699045063
Kory,Bodeker,11,616716465
Krista,Alkofer,5,2137390358
Kristal,Bathge,66,1308581515
Kristen,Achtsnick,24,155324914
Kristi,Alter,81,2004187516
Kristie,Angenvoorth,93,1375179334
Kristin,Adelsperger,4,165344818
Kristina,Adolff,97,6939507
Kristine,Altmayer,86,703550253
Kristopher,Allspach,14,70788355
Kristy,Alsdorf,56,1745790417
Kristyn,Bundgen,80,1744161708
Krystal,Aderhold,70,1359512183
Krystle,Albertini,57,1448703729
Kurt,Andreessen,85,1088590930
Kurtis,Austerschmidt,83,419914800
Kyla,Bothgen,32,688852786
Kyle,Asshoff,34,1585990364
Lacey,Aldenhof,38,1219407971
Laci,Bunger,22,110341087
Lacie,Bospflug,14,1483332973
Lakeisha,Asselborn,92,1857300821
Lakisha,Borner,12,1189544209
Lamar,Aufenvenne,15,535286141
Lana,Botger,63,1478705400
Lance,Allendorf,26,1630634994
Landon,Arx,73,1456339643
Lara,Bachtold,43,464837581
Larissa,Barz,30,682736626
Larry,Aichmeier,79,964445884
Lashonda,Bottgen,27,1189914410
Latasha,Amborn,4,35756851
Latisha,Anschutz,91,1688323172
Latonya,Bachtle,94,753959819
Latoya,Aichelburg,40,1756915667
Laura,Aarns,87,356426808
Laurel,Auberle,23,2016408437
Lauren,Aarts,76,1889947178
Laurie,Angerhausen,21,12548159
Lawrence,Altemuhle,57,1647149314
Lea,Bomeke,11,2067247035
Leah,Aiche,21,260401255
Leann,Bauml,62,1933084303
Leanna,Bosl,60,1184622626
Leanne,Assenbaum,61,217161528
Lee,Altebaumer,45,471990783
Leigh,Angermeyer,54,953691761
Lena,Augenthaler,21,877068972
Leo,Batzold,75,1802491982
Leon,Anz,70,1444311956
Leonardo,Busche,41,1607967721
Leroy,Aufenacker,24,636453333
Lesley,Attenkofer,7,338346092
Leslie,Aichberger,6,1555319301
Lester,Buhr,61,825791694
Leticia,Angenstein,12,695466127
Levi,Andergassen,34,811742698
Lewis,Aubert,17,1987106312
Liliana,Bok,25,1322710936
Lillian,Aufderstroth,50,99885196
Linda,Allmoslochner,12,318561886
Lindsay,Ackeren,32,1186452551
Lindsey,Achtsnichts,34,116087764
Linsey,Buschgens,58,966618017
Lionel,Bogner,81,330546620
Lisa,Achtnicht,64,338888228
Lloyd,Battgen,29,888830763
Logan,Andrehs,25,1745897490
Lonnie,Bahnisch,42,1616916066
Lora,Baz,34,2078480869
Loren,Bonicke,8,1750621862
Lorena,Antenbrink,51,113974112
Lorenzo,Angenend,54,1849552528
Lori,Altenhoff,21,1272796157
Lorraine,Bockmann,94,1051402293
Lucas,Aldenkott,29,1887658390
Lucia,Borngen,81,366831742
Lucy,Back,23,116423768
Luis,Ahrtz,59,1469262009
Luke,Akolt,3,1129033333
Luz,Botticher,41,37623446
Lydia,Ammann,73,1089653714
Lyndsay,Bohnke,92,1137638147
Lyndsey,Arnold,80,692458743
Lynette,Bulow,20,2143493320
Lynn,Artz,22,1322623287
Mackenzie,Bazold,96,196095815
Madeline,Bokenheide,26,1902736997
Madison,Buschemann,10,1805816260
Maegan,Boke,53,81458260
Malcolm,Boken,57,198619204
Mallory,Alpers,87,887077888
Mandi,Bogeholz,46,542314107
Mandy,Amelunxen,36,1290127955
Manuel,Altekruger,73,993967637
Maranda,Buhmann,25,1908681983
Marc,Alleborn,12,696947386
Marcia,Bottges,69,1566586128
Marco,Andrey,69,584522071
Marcos,Anzelm,49,825726814
Marcus,Adolf,42,1820388464
Margaret,Aichlmayr,9,700108581
Margarita,Bohmler,57,566112132
Maria,Adena,24,496987743
Mariah,Bosensell,59,1145975358
Marianne,Botge,20,1955769409
Maribel,Barnreuther,28,1085206797
Maricela,Bucholdt,7,1113675743
Marie,Althofen,18,257675105
Marilyn,Aufmwasser,46,848934683
Marina,Bohnsch,35,981766422
Mario,Alde,4,1543755629
Marisa,Andressen,8,1867107722
Marisela,Bodecker,38,1767110751
Marisol,Artel,42,1698487330
Marissa,Alten,25,2077211388
Mark,Abeln,17,603570492
Marlene,Batzel,97,2026929416
Marlon,Aupperlen,13,1518260757
Marquis,Austerhoff,95,1018041598
Marquita,Aufenfehn,94,1588695568
Marshall,Apelt,69,1978701535
Martha,Amkreutz,63,1046370347
Martin,Allermann,78,1297893529
Marvin,Anderfuhr,84,279121308
Mary,Achtenicht,21,1760243555
Mason,Barwolff,65,608034986
Mathew,Altenbernd,57,1645933681
Matthew,Ohl,86,1649760492
Maureen,Arenth,18,1396005216
Maurice,Althanss,77,262692685
Max,Anneken,51,771476364
Maxwell,Bakler,12,673365159
Mayra,Ander,53,1815209933
Meagan,Alisch,24,1717226057
Meaghan,Arnoldt,24,1146137088
Megan,Uberreiter,84,1827336327
Meghan,Aengenheyster,20,705178736
Melanie,Aichholz,98,446340713
Melinda,Allkofer,51,1426819080
Melisa,Bokers,27,582972798
Melissa,Uberwasser,36,1159126505
Melody,Andressohn,83,223712350
Meredith,Altekruse,89,1826620483
Mia,Avenarius,35,950881304
Micaela,Boscher,84,628257755
Micah,Anderer,97,695748720
Michael,Anders,83,846930886
Michaela,Ausperger,79,2025251990
Micheal,Altepeter,98,1655035325
Michele,Altkofer,55,629593614
Michelle,Abelen,95,463480570
Miguel,Albertus,28,828388027
Miles,Bartl,49,111691313
Milton,Boschen,99,1628414422
Mindy,Andermahr,26,992028067
Miranda,Alex,81,1175526309
Miriam,Ansperger,69,2083149517
Misty,Ald,15,860516127
Mitchell,Albrech,28,1974806403
Moises,Buschges,6,1922265375
Mollie,Boing,39,1262486766
Molly,Albrich,35,1812282134
Monica,Aengen,11,1494613810
Monique,Allmacher,31,1314218593
Morgan,Alders,61,1450956042
Moses,Bulzebruck,30,2085308422
Myra,Burgel,28,916768482
Nadia,Aulehner,46,73673339
Nadine,Budenbender,88,1104933720
Nancy,Alberti,52,474613996
Naomi,Anderssen,81,1240554603
Natalia,Borjesson,96,1815983044
Natalie,Adolffs,55,1285228804
Natasha,Aicheberger,19,774044599
Nathan,Able,6,1703964683
Nathaniel,Ahlert,59,1472713773
Neal,Aubele,94,312186354
Neil,Amort,32,525829204
Nelson,Appel,33,612353198
Nicholas,Ottel,13,184803526
Nichole,Aichmayr,60,1548348142
Nickolas,Arent,74,1490549207
Nicolas,Andrees,16,1384095820
Nicole,Ostreicher,15,2038664370
Nikki,Amshoff,62,14989683
Nina,Amrein,40,356684278
Noah,Andermann,87,1470332231
Noel,Bauerle,18,31797565
Noelle,Ayche,65,1551291986
Nolan,Badje,95,728149010
Nora,Aufdermauer,78,94255812
Norma,Ax,64,2133584523
Norman,Assen,43,418646579
Octavia,Burglen,5,1090438014
Oliver,Borjeson,23,625321929
Olivia,Andre,54,1579068977
Omar,Amling,50,1520982030
Orlando,Antonissen,4,991039875
Owen,Boddecker,13,1967632854
Pablo,Barlehner,25,816976784
Paige,Anzel,44,2067062760
Pamela,Albrandt,39,1395132002
Parker,Bunte,96,955798986
Patrice,Artner,11,415675634
Patricia,Aff,82,188213258
Patrick,Aberspach,31,1633108117
Paul,Absatz,32,1120048829
Paula,Andreae,32,226723382
Pedro,Amendt,32,550245196
Perry,Aufmkolk,4,1650994571
Peter,Adlof,54,1272469786
Philip,Ahrnsen,48,625032172
Phillip,Aers,8,552473416
Pierre,Battge,62,100603786
Precious,Bolckow,67,1538128223
Preston,Andresch,10,370917955
Quentin,Aschhoff,34,2107654819
Quincy,Buchers,69,138172497
Quinton,Aufderlandwehr,27,473903566
Rachael,Akmann,53,364686248
Racheal,Bohrkircher,43,1803602255
Rachel,Aarents,43,760313750
Rafael,Amende,11,1821066342
Ralph,Anselmi,87,1866355856
Ramon,Andrei,18,1326247643
Randall,Altemeyer,18,1001089438
Randolph,Buchner,80,167368542
Randy,Aigenseer,2,114723506
Raquel,Anderson,94,873199181
Raul,Andermark,32,1862292122
Raven,Bogler,93,1925473439
Ray,Anke,62,108375482
Raymond,Ahlborn,33,711845894
Rebecca,Aberle,65,894429689
Rebekah,Altenhoven,74,1280631491
Regina,Ameln,65,1814887560
Reginald,Ambroselling,95,1385414639
Reid,Buschers,16,405341089
Rene,Antert,64,472131489
Renee,Albrechts,47,669908538
Rhonda,Arenz,62,997276125
Ricardo,Allerborn,16,1707056552
Richard,Abegg,32,1264095060
Rick,Baumer,8,62299853
Rickey,Austrup,92,1154615609
Ricky,Altemeier,0,1025533459
Riley,Bussenschutt,5,1824700010
Rita,Asmussen,89,1028363610
Robert,Ohrlein,67,1726956429
Robin,Alte,17,1282648518
Robyn,Andreess,85,2033669086
Rochelle,Arentzen,73,1450238957
Rocky,Boddicker,75,1501830323
Roderick,Arentz,87,1922757472
Rodolfo,Bahrend,53,1603386966
Rogelio,Bohnstedt,40,936621968
Roger,Althaber,12,586235379
Roland,Bockermann,90,1851445950
Rolando,Bogershausen,57,1999337836
Ronald,Agena,62,201305624
Ronnie,Anderl,0,454333378
Rory,Autrum,39,1850612763
Rosa,Andreasson,82,617909211
Rose,Andresson,57,1610009097
Rosemary,Aupperle,67,858829294
Ross,Altena,74,983631233
Roy,Altwein,73,124666328
Ruben,Altmanns,17,2143124030
Ruby,Asma,37,75245562
Rudy,Aumiller,16,888482339
Russell,Alberts,36,1545032460
Rusty,Buchholz,28,1961415139
Ruth,Anderlohr,38,1395405989
Ryan,Olscher,29,1801979802
Sabrina,Aletsee,23,1516266761
Sade,Bohnisch,23,1942481690
Sadie,Buschel,11,270617569
Sally,Attenberger,48,962764794
Salvador,Arnzen,99,16922351
Salvatore,Boschges,61,654829090
Samantha,Ablassmeier,86,1572276965
Samuel,Adamus,28,1784639529
Sandra,Alberter,63,78012497
Sandy,Arzberger,54,1560890244
Santana,Bokenbrink,87,1992232983
Sara,Abramsohn,19,1600028624
Sarah,Ortl,11,1656478042
Sasha,Aschenborn,18,1845636353
Saul,Bodeger,51,1821115873
Savannah,Ambrosch,85,659639006
Scott,Achnet,8,2077486715
Sean,Abert,97,2007905771
Selena,Burer,48,102194872
Serena,Attenbrunner,36,671068506
Sergio,Amend,70,1434433518
Seth,Aitzetmuller,72,1137949908
Shana,Altmeyer,14,107734713
Shane,Aengenvoort,22,1470503465
Shanna,Anderwert,92,1785550551
Shannon,Ackerhans,37,971899228
Shari,Aulbert,45,1220585472
Sharon,Althausen,7,606199759
Shaun,Aldenhofen,49,12260289
Shauna,Andriessen,88,1012836610
Shawn,Adamy,76,1597322404
Shawna,Amorth,54,1312630443
Shayla,Aue,69,551201745
Shayna,Austenfeld,53,627510635
Sheena,Aichlseder,19,1371499336
Sheila,Andreason,63,580508860
Sheldon,Buchold,54,346502533
Shelley,Aswald,82,2125023787
Sheri,Bahrens,47,568122272
Sherri,Axnicht,39,1114646704
Sherry,Andry,52,396377017
Shirley,Axnich,51,689442530
Sierra,Amrehn,98,2064945486
Silvia,Bucher,48,2059643461
Simon,Aubel,80,845954166
Skyler,Bohnel,49,437180529
Sonja,Burklein,24,138700754
Sonya,Angenent,78,1434322197
Sophia,Andersch,50,380390179
Spencer,Anderman,47,1675575223
Stacey,Aichler,24,846942590
Staci,Anter,0,1931706506
Stacy,Ahe,73,407487131
Stefan,Bockenforde,2,1917305981
Stefanie,Altmaier,93,409544918
Stephan,Barsch,15,2084546560
Stephanie,Osterreicher,84,756898537
Stephen,Aberli,40,270744729
Steve,Andrehsen,36,61101360
Steven,Uhlein,13,1433925857
Stuart,Angenvorth,39,987987334
Summer,Anderssen,69,2013725218
Susan,Albert,3,1750003033
Susana,Bomer,53,1705632563
Suzanne,Anders,81,101323875
Sydney,Baumner,32,574596534
Tabatha,Andriesen,99,270754552
Tabitha,Allendorfer,0,1265204346
Tamara,Altehoff,73,1983228458
Tameka,Bocke,65,831099451
Tamika,Appelbaum,49,1450099355
Tammy,Amrhein,59,1626250262
Tania,Bohle,71,978053418
Tanisha,Arns,54,213952386
Tanner,Auler,11,1701475883
Tanya,Allmen,57,1386418627
Tara,Aden,17,680466996
Taryn,Anderheggen,52,452825171
Tasha,Altjohann,91,1066077375
Tasia,Bosel,4,1855103807
Tatiana,Baumchen,34,691451546
Taylor,Altenhofer,57,427355115
Tera,Bonneken,9,2126362173
Terence,Aufdemkamp,69,1199680559
Teresa,Alig,77,2004504234
Teri,Bonisch,68,1401422376
Terra,Bahrendt,97,454416748
Terrance,Amshove,41,1581539848
Terri,Apfelbaum,89,10150109
Terry,Aldenhovel,77,1329202900
Tessa,Apt,89,1176225844
Theodore,Ammersdorfer,47,1038626924
Theresa,Allgaier,47,1857756970
Thomas,Uhlin,24,84353895
Tia,Angenvoort,82,1143565421
Tiana,Bottge,58,95266356
Tiara,Aspacher,5,1260995960
Tierra,Barenstrauch,61,1308202906
Tiffani,Badke,5,1160063179
Tiffanie,Bokenkroger,78,1476492728
Tiffany,Abelhans,34,1975960378
Timothy,Asselborn,82,2001100545
Tina,Albertin,75,1315209188
Toby,Bucklein,21,979601485
Todd,Aichroth,61,822262754
Tomas,Buchsenschutz,0,333480550
Tommy,Andres,82,164826621
Toni,Anderheiden,89,1135771559
Tony,Albertz,50,332266748
Tosha,Buhler,34,1714710647
Tracey,Appelt,77,625040140
Traci,Angendohr,66,1664423428
Tracie,Bohmerle,0,1089966067
Tracy,Alberternst,53,1671294892
Travis,Achtnich,79,1622597488
Trent,Appell,60,2138982933
Trenton,Armbrecht,5,278450030
Trevor,Aisen,28,1266235189
Trey,Bohmert,33,2108785490
Tricia,Arndtz,89,995234140
Trina,Burckner,12,20336956
Trisha,Amzehnhoff,21,513937457
Trista,Angenlahr,0,415522325
Tristan,Anderweit,4,2006138722
Troy,Aldenkirchs,43,733053144
Tyler,Achcenich,70,1573363368
Tyrell,Barthlein,0,1773595097
Tyrone,Amhoff,98,51245830
Valerie,Ahrendt,90,1943327684
Vanessa,Ackermann,75,213975407
Vernon,Aufderheide,43,1198720172
Veronica,Ahrendtz,76,1876855542
Victor,Aicheler,84,555996658
Victoria,Adolph,22,1037127828
Vincent,Aichmaier,94,292218004
Virginia,Am,25,2030449291
Vivian,Boger,23,683309587
Wade,Arnecke,38,572132557
Warren,Anshelm,70,849725352
Wayne,Altwasser,53,292423943
Wendy,Altenschmidt,37,738393740
Wesley,Aichmuller,32,726371155
Weston,Boschner,0,1243769942
Whitney,Ahrent,45,588219756
William,Osterle,29,1653377373
Xavier,Arnts,73,1111800030
Yesenia,Aufmhoff,28,986478257
Yolanda,Andress,95,1287859999
Yvette,Arck,51,242474976
Yvonne,Ansen,90,1723578341
Zachariah,Aysel,47,266222407
Zachary,Abitz,9,791698927
Zachery,Arnholdt,5,1259577690
Zackary,Boshenz,17,278190158
Zackery,Bunning,92,1304438548
Zane,Buche,90,1267040926
