nombre,apellido,edad,telefono
Michael,Anders,83,846930886
Christopher,Ochsner,77,1714636915
Jessica,Oder,93,424238335
Matthew,Ohl,86,1649760492
Ashley,Ohler,49,1189641421
Jennifer,Ohlrich,62,1350490027
Joshua,Ohlschlager,90,1102520059
Amanda,Ohm,63,1967513926
Daniel,Ohmchen,40,1540383426
David,Ohmichen,72,1303455736
James,Ohmigen,11,521595368
Robert,Ohrlein,67,1726956429
John,Olke,82,861021530
Joseph,Oller,62,233665123
Andrew,Ollerich,67,468703135
Ryan,Olscher,29,1801979802
Brandon,Olschlager,22,635723058
Jason,Omichen,69,1125898167
Justin,Ortel,93,2089018456
Sarah,Ortl,11,1656478042
William,Osterle,29,1653377373
Jonathan,Osterlein,21,1914544919
Stephanie,Osterreicher,84,756898537
Brian,Ostreich,98,1973594324
Nicole,Ostreicher,15,2038664370
Nicholas,Ottel,13,184803526
Anthony,Ottl,91,1424268980
Heather,Ottle,56,749241873
Eric,Overmohle,62,42999170
Elizabeth,Ozdemir,96,135497281
Adam,Ubensee,5,2084420925
Megan,Uberreiter,84,1827336327
Melissa,Uberwasser,36,1159126505
Kevin,Uhle,46,1632621729
Steven,Uhlein,13,1433925857
Thomas,Uhlin,24,84353895
Timothy,Asselborn,82,2001100545
Christina,Assenmacher,14,1548233367
Kyle,Asshoff,34,1585990364
Rachel,Aarents,43,760313750
Laura,Aarns,87,356426808
Lauren,Aarts,76,1889947178
Amber,Aartz,88,709393584
Brittany,Abbel,3,1918502651
Danielle,Abbrecht,54,1474612399
Richard,Abegg,32,1264095060
Kimberly,Abel,76,1843993368
Jeffrey,Abeldt,39,1984210012
Amy,Abele,26,1749698586
Crystal,Abelein,94,1956297539
Michelle,Abelen,95,463480570
Tiffany,Abelhans,34,1975960378
Jeremy,Abeling,67,1892066601
Benjamin,Abelmann,97,927612902
Mark,Abeln,17,603570492
Emily,Abels,52,660260756
Aaron,Abelt,1,485560280
Charles,Aberl,86,593209441
Rebecca,Aberle,65,894429689
Jacob,Aberlein,44,1947346619
Stephen,Aberli,40,270744729
Patrick,Aberspach,31,1633108117
Sean,Abert,97,2007905771
Erin,Abgarjan,81,822890675
Zachary,Abitz,9,791698927
Jamie,Abitzsch,67,498777856
Kelly,Abl,97,524872353
Samantha,Ablassmeier,86,1572276965
Nathan,Able,6,1703964683
Sara,Abramsohn,19,1600028624
Dustin,Abrecht,28,2040332871
Paul,Absatz,32,1120048829
Angela,Abstreiter,3,515530019
Tyler,Achcenich,70,1573363368
Scott,Achnet,8,2077486715
Katherine,Achnit,40,1631518149
Andrea,Achnitz,96,289700723
Gregory,Achsnich,18,168002245
Erica,Achtelik,46,439493451
Mary,Achtenicht,21,1760243555
Travis,Achtnich,79,1622597488
Lisa,Achtnicht,64,338888228
Kenneth,Achtnichts,41,438792350
Bryan,Achtsnicht,93,269441500
Lindsey,Achtsnichts,34,116087764
Kristen,Achtsnick,24,155324914
Jose,Achtsnit,87,1982275856
Alexander,Achtzenich,43,387346491
Jesse,Achtznich,27,841148365
Katie,Achtznick,59,1760281936
Lindsay,Ackeren,32,1186452551
Shannon,Ackerhans,37,971899228
Vanessa,Ackermann,75,213975407
Courtney,Ackmann,74,1626276121
Christine,Adam,58,2130794395
Alicia,Adames,29,1884661237
Cody,Adami,35,1350573793
Allison,Adams,18,1605894428
Bradley,Adamski,43,1987231011
Samuel,Adamus,28,1784639529
Shawn,Adamy,76,1597322404
April,Ade,43,2112255763
Derek,Adel,13,1067854538
Kathryn,Adelhardt,6,1782436840
Kristin,Adelsperger,4,165344818
Chad,Adelt,28,532670688
Jenna,Adem,69,492067917
Tara,Aden,17,680466996
Maria,Adena,24,496987743
Krystal,Aderhold,70,1359512183
Jared,Adibekjan,90,1398295499
Anna,Adler,72,2086206725
Edward,Adlkirchner,44,1172755590
Julie,Adlkofer,5,243268139
Peter,Adlof,54,1272469786
Holly,Adloff,69,968338082
Marcus,Adolf,42,1820388464
Kristina,Adolff,97,6939507
Natalie,Adolffs,55,1285228804
Jordan,Adolfs,48,502278611
Victoria,Adolph,22,1037127828
Jacqueline,Adolphs,99,654887343
Corey,Adomat,46,392035568
Keith,Aenderl,40,87755422
Monica,Aengen,11,1494613810
Juan,Aengenendt,5,1369321801
Donald,Aengeneyndt,61,396473730
Cassandra,Aengenheiser,78,1346811305
Meghan,Aengenheyster,20,705178736
Joel,Aengenoordt,44,434248626
Shane,Aengenvoort,22,1470503465
Phillip,Aers,8,552473416
Patricia,Aff,82,188213258
Brett,Affelt,24,1884167637
Ronald,Agena,62,201305624
Catherine,Agneskirchner,0,776532036
George,Agnischock,52,1273911899
Antonio,Agunte,79,620145550
Cynthia,Ahaus,68,619290071
Stacy,Ahe,73,407487131
Kathleen,Ahl,81,7684930
Raymond,Ahlborn,33,711845894
Carlos,Ahlbrand,60,937370163
Brandi,Ahlbrecht,99,1973387981
Douglas,Ahlers,99,1501252996
Nathaniel,Ahlert,59,1472713773
Ian,Ahn,13,1662739668
Craig,Ahnert,90,1967681095
Brandy,Ahrend,26,437116466
Alex,Ahrends,84,1176911340
Valerie,Ahrendt,90,1943327684
Veronica,Ahrendtz,76,1876855542
Cory,Ahrens,36,1237379107
Whitney,Ahrent,45,588219756
Gary,Ahrenz,79,1057418418
Derrick,Ahrndt,87,1823089412
Philip,Ahrnsen,48,625032172
Luis,Ahrtz,59,1469262009
Diana,Aich,36,298625210
Chelsea,Aichbauer,42,1057467587
Leslie,Aichberger,6,1555319301
Caitlin,Aichbichler,13,476667372
Leah,Aiche,21,260401255
Natasha,Aicheberger,19,774044599
Erika,Aichel,21,2001229904
Casey,Aichelberger,39,1335939811
Latoya,Aichelburg,40,1756915667
Erik,Aichele,5,719346228
Dana,Aichelen,27,1414829150
Victor,Aicheler,84,555996658
Brent,Aichelin,20,155789224
Dominique,Aichelmann,22,1389867269
Frank,Aichelsreiter,96,619054081
Brittney,Aichemuller,30,195740084
Evan,Aicher,92,2006811972
Gabriel,Aichert,72,570073850
Julia,Aichholzer,25,1635905385
Candice,Aichhammer,22,337739299
Karen,Aichhofer,40,1343606042
Melanie,Aichholz,98,446340713
Adrian,Aichholzer,98,915256190
Stacey,Aichler,24,846942590
Margaret,Aichlmayr,9,700108581
Sheena,Aichlseder,19,1371499336
Wesley,Aichmuller,32,726371155
Vincent,Aichmaier,94,292218004
Alexandra,Aichmair,79,11614769
Katrina,Aichman,73,1662981776
Bethany,Aichmann,50,246247255
Nichole,Aichmayr,60,1548348142
Larry,Aichmeier,79,964445884
Jeffery,Aichmeyer,93,1520223205
Curtis,Aichner,21,1017679567
Carrie,Aichriedler,4,201690613
Todd,Aichroth,61,822262754
Blake,Aichwald,26,1411154259
Christian,Aichwalder,44,282828202
Randy,Aigenseer,2,114723506
Dennis,Aiglstorfer,84,1676902021
Alison,Aipperspach,42,950390868
Trevor,Aisen,28,1266235189
Seth,Aitzetmuller,72,1137949908
Kara,Akker,58,777210498
Joanna,Akman,36,1908518808
Rachael,Akmann,53,364686248
Luke,Akolt,3,1129033333
Felicia,Albaum,33,1280321648
Brooke,Alber,90,1781999754
Austin,Alberding,67,212251746
Candace,Albers,68,364319529
Jasmine,Albersdorfer,0,484238046
Jesus,Albersen,88,624549797
Alan,Albersmann,49,1886086990
Susan,Albert,3,1750003033
Sandra,Alberter,63,78012497
Tracy,Alberternst,53,1671294892
Kayla,Alberth,86,1795519125
Nancy,Alberti,52,474613996
Tina,Albertin,75,1315209188
Krystle,Albertini,57,1448703729
Russell,Alberts,36,1545032460
Jeremiah,Albertsen,14,861543921
Carl,Albertshofer,60,932026304
Miguel,Albertus,28,828388027
Tony,Albertz,50,332266748
Alexis,Alborn,56,31308902
Gina,Albracht,94,820697697
Jillian,Albrand,99,1583571043
Pamela,Albrandt,39,1395132002
Mitchell,Albrech,28,1974806403
Hannah,Albrecht,0,1739000681
Renee,Albrechts,47,669908538
Denise,Albrechtsen,59,12895151
Molly,Albrich,35,1812282134
Jerry,Albuschat,39,1380171692
Misty,Ald,15,860516127
Mario,Alde,4,1543755629
Johnathan,Aldehoff,49,1455590964
Jaclyn,Aldejohann,85,70636429
Brenda,Alden,43,1472576335
Terry,Aldenhovel,77,1329202900
Lacey,Aldenhof,38,1219407971
Shaun,Aldenhofen,49,12260289
Devin,Aldenhoff,67,561717988
Heidi,Aldenhoven,92,1841585795
Troy,Aldenkirchs,43,733053144
Lucas,Aldenkott,29,1887658390
Desiree,Alder,82,672655340
Jorge,Alderman,41,400000569
Andre,Aldermann,26,1081174232
Morgan,Alders,61,1450956042
Drew,Aldes,60,410409117
Sabrina,Aletsee,23,1516266761
Miranda,Alex,81,1175526309
Alyssa,Alexius,90,2002495425
Alisha,Alich,96,1989806367
Teresa,Alig,77,2004504234
Johnny,Alings,90,1186631626
Meagan,Alisch,24,1717226057
Allen,Alischer,14,1276673168
Krista,Alkofer,5,2137390358
Marc,Alleborn,12,696947386
Tabitha,Allendorfer,0,1265204346
Lance,Allendorf,26,1630634994
Ricardo,Allerborn,16,1707056552
Martin,Allermann,78,1297893529
Chase,Alletsee,46,358532290
Theresa,Allgaier,47,1857756970
Melinda,Allkofer,51,1426819080
Monique,Allmacher,31,1314218593
Tanya,Allmen,57,1386418627
Linda,Allmoslochner,12,318561886
Kristopher,Allspach,14,70788355
Bobby,Allworden,12,1112720090
Caleb,Almoslochner,12,1106059479
Ashlee,Almritter,10,1051858969
Kelli,Almsick,89,104152274
Henry,Almstedt,55,826047641
Garrett,Alper,20,970925433
Mallory,Alpers,87,887077888
Jill,Alpert,38,873524566
Jonathon,Alscher,70,1541027284
Kristy,Alsdorf,56,1745790417
Anne,Alt,6,959372260
Francisco,Altburger,49,2137100237
Danny,Altdorfer,5,159473059
Robin,Alte,17,1282648518
Lee,Altebaumer,45,471990783
Tamara,Altehoff,73,1983228458
Manuel,Altekruger,73,993967637
Meredith,Altekruse,89,1826620483
Colleen,Altemoller,7,2037770478
Lawrence,Altemuhle,57,1647149314
Christy,Altemann,71,1152645729
Ricky,Altemeier,0,1025533459
Randall,Altemeyer,18,1001089438
Marissa,Alten,25,2077211388
Ross,Altena,74,983631233
Mathew,Altenbernd,57,1645933681
Jimmy,Altenbrunn,93,553160358
Abigail,Altenbuchner,70,2069110699
Kendra,Altenburg,17,864101839
Carolyn,Altenburger,69,1190668363
Billy,Altendorf,22,410228794
Deanna,Altendorfer,73,773319847
Jenny,Altenhofer,31,1968217462
Jon,Altenhof,82,1302539390
Albert,Altenhofen,92,235745791
Taylor,Altenhofer,57,427355115
Lori,Altenhoff,21,1272796157
Rebekah,Altenhoven,74,1280631491
Cameron,Altenkirch,47,1204462951
Ebony,Altenkruger,31,521035021
Wendy,Altenschmidt,37,738393740
Angel,Altenstrasser,54,1983614030
Micheal,Altepeter,98,1655035325
Kristi,Alter,81,2004187516
Caroline,Alterman,16,962033002
Colin,Altermann,31,1707746139
Dawn,Altes,96,2073785404
Kari,Althofer,38,628974580
Clayton,Althuser,18,786039021
Arthur,Alth,70,1605539862
Roger,Althaber,12,586235379
Maurice,Althanss,77,262692685
Jaime,Althans,36,1338299904
Angelica,Althaus,76,1985433483
Sharon,Althausen,7,606199759
Julian,Althen,57,435889744
Jack,Althenhof,99,378469911
Jay,Alther,27,488663950
Calvin,Althof,36,29777560
Marie,Althofen,18,257675105
Hector,Althofes,63,1392740049
Kate,Althoff,44,216588711
Adrienne,Althoven,5,151519934
Tasha,Altjohann,91,1066077375
Michele,Altkofer,55,629593614
Ana,Altkruger,89,1959343768
Stefanie,Altmaier,93,409544918
Cara,Altman,5,927376882
Alejandro,Altmann,22,1617876982
Ruben,Altmanns,17,2143124030
Gerald,Altmannshofer,93,1124311574
Audrey,Altmannsperger,26,1421186593
Kristine,Altmayer,86,703550253
Ann,Altmeier,43,1388803074
Shana,Altmeyer,14,107734713
Javier,Altnickel,79,1725138377
Katelyn,Altpeter,62,1464415775
Brianna,Altrogge,88,672032919
Bruce,Alts,10,639806732
Deborah,Altschmied,94,406011017
Claudia,Altstadt,46,114760235
Carla,Altstedde,37,337745691
Wayne,Altwasser,53,292423943
Roy,Altwein,73,124666328
Virginia,Am,25,2030449291
Haley,Ambuhl,10,1986894018
Brendan,Ambach,17,551836836
Janelle,Ambacher,63,362575055
Jacquelyn,Ambaum,90,1022963858
Beth,Amberg,30,1988714904
Edwin,Amberge,71,1250372661
Dylan,Amberger,33,483689685
Dominic,Ambiel,89,1360613073
Latasha,Amborn,4,35756851
Darrell,Ambrock,5,746349250
Geoffrey,Ambronn,68,1122336503
Savannah,Ambrosch,85,659639006
Reginald,Ambroselling,95,1385414639
Carly,Ambrosius,49,577721120
Fernando,Amedick,67,714880226
Ashleigh,Amediek,63,1630387677
Aimee,Ameling,96,1467963981
Regina,Ameln,65,1814887560
Mandy,Amelunxen,36,1290127955
Sergio,Amend,70,1434433518
Rafael,Amende,11,1821066342
Pedro,Amendt,32,550245196
Janet,Ament,79,1104627321
Kaitlin,Amerein,70,1312994984
Frederick,Amfaldern,72,1763794427
Cheryl,Amhof,34,1582152040
Autumn,Amhofer,83,772970072
Tyrone,Amhoff,98,51245830
Martha,Amkreutz,63,1046370347
Omar,Amling,50,1520982030
Lydia,Ammann,73,1089653714
Jerome,Ammerschuber,59,168057522
Theodore,Ammersdorfer,47,1038626924
Abby,Amon,82,93189435
Neil,Amort,32,525829204
Shawna,Amorth,54,1312630443
Sierra,Amrehn,98,2064945486
Nina,Amrein,40,356684278
Tammy,Amrhein,59,1626250262
Nikki,Amshoff,62,14989683
Terrance,Amshove,41,1581539848
Donna,Amstein,23,1981208324
Claire,Amstutz,72,1691449122
Cole,Amthor,54,217927335
Trisha,Amzehnhoff,21,513937457
Bonnie,Anau,65,204102747
Diane,Andorfer,71,595311776
Summer,Anderssen,69,2013725218
Carmen,Andersson,1,207621703
Mayra,Ander,53,1815209933
Jermaine,Anderbrugge,7,1487053959
Eddie,Anderegg,28,932862806
Micah,Anderer,97,695748720
Marvin,Anderfuhr,84,279121308
Levi,Andergassen,34,811742698
Emmanuel,Anderhalden,91,1417076376
Brad,Anderhalten,98,1891252715
Taryn,Anderheggen,52,452825171
Toni,Anderheiden,89,1135771559
Jessie,Anderheyden,6,2025554010
Evelyn,Anderhofstadt,16,262178224
Darryl,Anderhub,9,1105816539
Ronnie,Anderl,0,454333378
Joy,Anderle,9,343945053
Adriana,Anderleit,81,931489114
Ruth,Anderlohr,38,1395405989
Mindy,Andermahr,26,992028067
Spencer,Anderman,47,1675575223
Noah,Andermann,87,1470332231
Raul,Andermark,32,1862292122
Suzanne,Anders,81,101323875
Sophia,Andersch,50,380390179
Dale,Andersen,90,235202254
Jodi,Andersick,50,1280311131
Christie,Andersohn,13,1503967857
Raquel,Anderson,94,873199181
Naomi,Anderssen,81,1240554603
Kellie,Anderssohn,20,476152433
Ernest,Andersson,82,803590181
Jake,Anderstiegen,87,209359415
Grace,Andert,96,831768825
Tristan,Anderweit,4,2006138722
Shanna,Anderwert,92,1785550551
Hilary,Andorfer,97,1364090032
Eduardo,AndraXXV,34,1341443181
Ivan,Andrae,6,1242990415
Hillary,Andratschke,57,63299708
Yolanda,Andress,95,1287859999
Alberto,Andressen,62,309112297
Andres,Andrea,83,1669475776
Olivia,Andre,54,1579068977
Armando,Andreasson,9,1431742587
Paula,Andreae,32,226723382
Amelia,Andreas,21,219544266
Sheila,Andreason,63,580508860
Rosa,Andreasson,82,617909211
Robyn,Andreess,85,2033669086
Kurt,Andreessen,85,1088590930
Dane,Andree,90,2010794583
Glenn,Andreer,14,632651476
Nicolas,Andrees,16,1384095820
Gloria,Andreesen,92,500037525
Eugene,Andreessen,28,1351538839
Logan,Andrehs,25,1745897490
Steve,Andrehsen,36,61101360
Ramon,Andrei,18,1326247643
Bryce,Andrejska,37,1663080928
Tommy,Andres,82,164826621
Preston,Andresch,10,370917955
Keri,Andresen,88,772634225
Devon,Andreson,15,813274570
Alana,Andress,37,216220853
Marisa,Andressen,8,1867107722
Melody,Andressohn,83,223712350
Rose,Andresson,57,1610009097
Barry,Andresz,27,787689126
Marco,Andrey,69,584522071
Cedric,Andreya,51,146533149
Carol,Andriss,10,928140528
Katharine,Andri,39,1449228398
Shauna,Andriessen,88,1012836610
Frances,Andrie,93,481928577
Antoine,Andries,90,1238498976
Tabatha,Andriesen,99,270754552
Annie,Andriessen,31,1031126087
Erick,Andris,77,413360099
Alissa,Andriss,57,286448566
Sherry,Andry,52,396377017
Chelsey,Andter,41,1934392735
Franklin,Angelkort,68,1736491298
Branden,Angelkorte,84,1476453195
Helen,Angen,76,96055805
Traci,Angendohr,66,1664423428
Lorenzo,Angenend,54,1849552528
Dean,Angenendt,8,2135019593
Sonya,Angenent,78,1434322197
Briana,Angenfort,55,1779289672
Angelina,Angenheister,74,1528806445
Trista,Angenlahr,0,415522325
Bianca,Angenoort,97,332238283
Leticia,Angenstein,12,695466127
Tia,Angenvoort,82,1143565421
Kristie,Angenvoorth,93,1375179334
Stuart,Angenvorth,39,987987334
Laurie,Angerhausen,21,12548159
Harry,Angermuller,85,411522957
Leigh,Angermeyer,54,953691761
Elisabeth,Angerstein,62,1402492972
Alfredo,Anglsperger,41,750167716
Aubrey,Anhauser,52,915711850
Ray,Anke,62,108375482
Arturo,Ankirchner,99,1738076217
Joey,Anna,54,2118801173
Kelley,Annecke,15,610486506
Max,Anneken,51,771476364
Andy,Anoch,90,1833488263
Latisha,Anschutz,91,1688323172
Johnathon,Ansel,37,301373537
India,Ansell,59,222028828
Eva,Anselm,71,2078107280
Ralph,Anselmi,87,1866355856
Yvonne,Ansen,90,1723578341
Warren,Anshelm,70,849725352
Kirsten,Anspach,65,1143195511
Miriam,Ansperger,69,2083149517
Kelvin,Anstett,61,190113083
Lorena,Antenbrink,51,113974112
Staci,Anter,0,1931706506
Anita,Anters,38,900104667
Rene,Antert,64,472131489
Cortney,Anthofer,32,1337434154
Orlando,Antonissen,4,991039875
Carissa,Antonius,79,987706141
Jade,Antony,12,1794292538
Camille,Antz,69,434290636
Leon,Anz,70,1444311956
Paige,Anzel,44,2067062760
Marcos,Anzelm,49,825726814
Elena,Anzenhofer,65,1998994314
Brianne,Apel,26,221713886
Dorothy,Apell,83,1880346039
Marshall,Apelt,69,1978701535
Daryl,Apetz,52,192532621
Colby,Apfel,93,2079611790
Terri,Apfelbaum,89,10150109
Gabriela,Apfl,31,616734673
Brock,Apitius,64,562395735
Gerardo,Apitz,48,78374295
Jane,Apitzsch,77,752704313
Nelson,Appel,33,612353198
Tamika,Appelbaum,49,1450099355
Alvin,Appelhans,55,1340157793
Chasity,Appelhoff,68,929588156
Trent,Appell,60,2138982933
Jana,Appelmann,23,1987323286
Enrique,Appels,71,568275358
Tracey,Appelt,77,625040140
Antoinette,Appen,45,1567022181
Jami,Appenheimer,61,14933990
Earl,Apperger,23,1910210050
Gilbert,Appl,0,1903409954
Damien,Apprecht,75,1372668364
Janice,Apprich,42,1987235624
Christa,Apprichs,59,1868423919
Tessa,Apt,89,1176225844
Kirk,Arbeit,69,1779451238
Yvette,Arck,51,242474976
Elijah,Arend,83,1848520019
Howard,Arendes,33,990526343
Elisa,Arends,4,1953161956
Desmond,Arendsee,81,2053232475
Clarence,Arendsen,66,403068011
Alfred,Arendt,67,773446912
Darnell,Arendts,92,1348361729
Breanna,Arendz,2,1321756868
Kerry,Arens,31,813465002
Nickolas,Arent,74,1490549207
Maureen,Arenth,18,1396005216
Karina,Arents,83,1489692377
Roderick,Arentz,87,1922757472
Rochelle,Arentzen,73,1450238957
Rhonda,Arenz,62,997276125
Keisha,Arets,33,379366797
Irene,Aretz,96,717293418
Ethan,Arez,41,390848153
Alice,Arhold,26,52775474
Allyson,Arista,80,896925393
Hayley,Arlinghaus,85,827385948
Trenton,Armbrecht,5,278450030
Beau,Armbrust,29,311269559
Elaine,Armbruster,98,1139352160
Demetrius,Armstorff,62,530406424
Cecilia,Arnd,19,1163384280
Annette,Arnds,41,1812718902
Brandie,Arndt,10,895873480
Katy,Arndts,26,1024027583
Tricia,Arndtz,89,995234140
Bernard,Arne,8,1891342723
Wade,Arnecke,38,572132557
Chance,Arnegger,93,597010431
Bryant,Arnhold,10,984124220
Zachery,Arnholdt,5,1259577690
Clifton,Arnholtz,13,1105629391
Julianne,Arnholz,38,1403938270
Angelo,Arnim,21,2115227667
Elyse,Arning,29,836802671
Lyndsey,Arnold,80,692458743
Clarissa,Arnolds,95,1589513899
Meaghan,Arnoldt,24,1146137088
Tanisha,Arns,54,213952386
Ernesto,Arnsberg,69,695258232
Isaiah,Arnt,69,93155710
Xavier,Arnts,73,1111800030
Clint,Arntz,33,917609663
Jamal,Arntzen,87,298167279
Kathy,Arnz,94,499429649
Salvador,Arnzen,99,16922351
Jena,Arold,39,1015857464
Marisol,Artel,42,1698487330
Darius,Artelt,86,359147515
Guadalupe,Artes,49,1987519915
Chris,Arth,86,625843881
Patrice,Artner,11,415675634
Jenifer,Arts,33,240854387
Lynn,Artz,22,1322623287
Landon,Arx,73,1456339643
Brenton,Arz,19,1692786742
Sandy,Arzberger,54,1560890244
Jasmin,Asal,24,1386510139
Ariel,Asbrand,59,193552063
Sasha,Aschenborn,18,1845636353
Juanita,Aschenbrucker,12,819485269
Israel,Aschenbruck,5,304505404
Ericka,Ascherl,33,837626799
Quentin,Aschhoff,34,2107654819
Jayme,Aschmetkat,15,1521740435
Damon,Aschoff,87,245240853
Heath,Asendorf,69,332702450
Kira,Asenkerschbaumer,87,67974802
Ruby,Asma,37,75245562
Rita,Asmussen,89,1028363610
Tiara,Aspacher,5,1260995960
Jackie,Asperger,4,933596911
Jennie,Assal,57,1230769829
Collin,Assall,3,1005418816
Lakeisha,Asselborn,92,1857300821
Kenny,Assemin,22,2117303605
Norman,Assen,43,418646579
Leanne,Assenbaum,61,217161528
Hollie,Assenbrunner,78,129834447
Destiny,Assenmacher,0,305564045
Shelley,Aswald,82,2125023787
Amie,Aswaldt,99,1651675551
Callie,Atmanspacher,89,1211721386
Hunter,Atorf,53,883799426
Sally,Attenberger,48,962764794
Serena,Attenbrunner,36,671068506
Lesley,Attenkofer,7,338346092
Connie,Atzmuller,17,750679664
Dallas,Au,21,1777288820
Simon,Aubel,80,845954166
Neal,Aubele,94,312186354
Laurel,Auberle,23,2016408437
Eileen,Auberlen,33,1090099484
Lewis,Aubert,17,1987106312
Bobbie,Aubrecht,31,263419017
Faith,Auburger,9,724025165
Brittani,Audt,56,695991608
Shayla,Aue,69,551201745
Eli,Auerbeck,95,1947867422
Judith,Aufdem,71,1047196295
Terence,Aufdemkamp,69,1199680559
Ciara,Aufdemkampe,1,839425676
Charlie,Aufderbeck,52,1175446571
Alyson,Aufderhaar,40,959658925
Vernon,Aufderheide,43,1198720172
Alma,Aufderhorst,91,144874089
Quinton,Aufderlandwehr,27,473903566
Nora,Aufdermauer,78,94255812
Lillian,Aufderstroth,50,99885196
Leroy,Aufenacker,24,636453333
Joyce,Aufenanger,13,79065186
Chrystal,Aufenberg,99,604263370
Marquita,Aufenfehn,94,1588695568
Lamar,Aufenvenne,15,535286141
Ashlie,Auferkamp,42,442982639
Kent,Auferkorte,37,4744263
Emanuel,Auferrodt,98,1153263590
Joanne,Auffenberg,39,1033206202
Gavin,Aufmhof,13,286791631
Yesenia,Aufmhoff,28,986478257
Perry,Aufmkolk,4,1650994571
Marilyn,Aufmwasser,46,848934683
Graham,Aufterbeck,38,1145151225
Constance,Augenstein,95,1541417540
Lena,Augenthaler,21,877068972
Allan,Augl,26,1608340634
Juliana,Augstein,58,1390865725
Jayson,Aukofer,56,1731190952
Shari,Aulbert,45,1220585472
Nadia,Aulehner,46,73673339
Tanner,Auler,11,1701475883
Isabel,Aulmann,3,1158747661
Becky,Aumuller,25,922587542
Rudy,Aumiller,16,888482339
Blair,Aunkofer,74,2037335344
Christen,Auperle,96,547407330
Rosemary,Aupperle,67,858829294
Marlon,Aupperlen,13,1518260757
Glen,Ausborn,19,192048860
Genevieve,Ausdemmoore,50,1101533292
Damian,Ausdermuhle,32,942581876
Michaela,Ausperger,79,2025251990
Shayna,Austenfeld,53,627510635
Marquis,Austerhoff,95,1018041598
Fredrick,Austermuhl,7,1727952741
Celeste,Austermuhle,37,1364180570
Bret,Austermuhlen,76,1170132540
Betty,Austermuehl,84,1989200801
Kurtis,Austerschmidt,83,419914800
Rickey,Austrup,92,1154615609
Dwight,Austum,96,457676440
Rory,Autrum,39,1850612763
Mia,Avenarius,35,950881304
Josiah,Awater,73,1173002606
Norma,Ax,64,2133584523
Bridgette,Axmacher,51,64564349
Shirley,Axnich,51,689442530
Sherri,Axnicht,39,1114646704
Noelle,Ayche,65,1551291986
Chantel,Aymanns,2,1017565625
Alisa,Aymans,79,1076919591
Zachariah,Aysel,47,266222407
Jody,Aysen,84,609707131
Christin,Aysenberg,61,44804919
Julius,Bachle,31,838139053
Gordon,Bacht,28,1339388427
Latonya,Bachtle,94,753959819
Lara,Bachtold,43,464837581
Lucy,Back,23,116423768
Jarrett,Backe,87,700287639
Elisha,Backel,43,1764892438
Deandre,Backer,88,1031207394
Audra,Backerbauer,20,707184680
Beverly,Backler,98,1623804486
Felix,Badecker,18,2131058752
Alejandra,Badeker,63,1242754098
Nolan,Badje,95,728149010
Tiffani,Badke,5,1160063179
Lonnie,Bahnisch,42,1616916066
Don,Bahnsch,98,219994425
Darlene,Bahren,72,256804978
Rodolfo,Bahrend,53,1603386966
Terra,Bahrendt,97,454416748
Sheri,Bahrens,47,568122272
Iris,Baker,16,1558581086
Maxwell,Bakler,12,673365159
Kendall,Bander,77,2033261900
Ashly,Banisch,53,1482841197
Kendrick,Bansch,32,1702943003
Jean,Bar,35,703955951
Jarvis,Barend,7,1453048498
Fred,Barens,49,599529154
Tierra,Barenstrauch,61,1308202906
Abel,Barenz,34,1371570003
Pablo,Barlehner,25,816976784
Maribel,Barnreuther,28,1085206797
Donovan,Barsauter,63,1003463633
Stephan,Barsch,15,2084546560
Judy,Bartels,81,461851014
Elliott,Barthel,85,2028720897
Tyrell,Barthlein,0,1773595097
Chanel,Barthold,8,1048938329
Miles,Bartl,49,111691313
Fabian,Bartle,79,104852634
Alfonso,Bartsch,16,1343457914
Cierra,Barwinkel,85,1353668775
Mason,Barwolff,65,608034986
Larissa,Barz,30,682736626
Elliot,Baselt,92,1565306616
Brenna,Batcke,29,546389569
Bradford,Batge,52,1498387409
Kristal,Bathge,66,1308581515
Gustavo,Bathje,95,25222833
Gretchen,Bathke,28,1812247776
Derick,Batje,47,1750829613
Jarred,Batke,26,360022300
Pierre,Battge,62,100603786
Lloyd,Battgen,29,888830763
Jolene,Batz,0,1793256508
Marlene,Batzel,97,2026929416
Leo,Batzold,75,1802491982
Jamar,Baucke,44,1638253540
Dianna,Bauerl,20,1038828826
Noel,Bauerle,18,31797565
Angie,Bauerlein,94,80329499
Tatiana,Baumchen,34,691451546
Rick,Baumer,8,62299853
Leann,Bauml,62,1933084303
Corinne,Baumler,86,1098193842
Sydney,Baumner,32,574596534
Belinda,Baurle,7,1143849810
Lora,Baz,34,2078480869
Mackenzie,Bazold,96,196095815
Herbert,Bosshenz,84,1456748696
Guillermo,Bock,24,1813511382
Tameka,Bocke,65,831099451
Elias,Bockelmann,16,421825361
Janine,Bocken,43,1731563037
Ben,Bockenberg,87,495375861
Stefan,Bockenforde,2,1917305981
Josephine,Bockenfeld,60,194064088
Dominick,Bockenhuser,79,6938620
Jameson,Bockenhauer,41,313823293
Bobbi,Bockenhaupt,24,343886628
Blanca,Bockenhoff,35,1390387708
Josue,Bockenhold,62,2113556942
Esmeralda,Bockenholt,70,1853101996
Darin,Bockenkamp,63,1631207466
Ashely,Bockenkroger,11,716898500
Clay,Bockens,15,1891066487
Cassidy,Bocker,34,129183332
Roland,Bockermann,90,1851445950
Ismael,Bockers,93,896551633
Harrison,Bockh,39,2011662880
Lorraine,Bockmann,94,1051402293
Owen,Boddecker,13,1967632854
Daniela,Boddeker,82,95275444
Rocky,Boddicker,75,1501830323
Marisela,Bodecker,38,1767110751
Saul,Bodeger,51,1821115873
Kory,Bodeker,11,616716465
Dexter,Bodger,68,1396768681
Chandra,Bodicker,13,1684259683
Gwendolyn,Bodiger,99,224048977
Francesca,Bodiker,35,1820965014
Alaina,Bodker,64,636600769
Mandi,Bogeholz,46,542314107
Fallon,Bogelein,72,353673391
Celia,Bogelspacher,40,1776088411
Vivian,Boger,23,683309587
Rolando,Bogershausen,57,1999337836
Raven,Bogler,93,1925473439
Lionel,Bogner,81,330546620
Carolina,Bohlcke,14,356228371
Tania,Bohle,71,978053418
Joann,Bohm,96,960188534
Casandra,Bohme,83,1817049764
Betsy,Bohmer,67,1917104697
Tracie,Bohmerle,0,1089966067
Dante,Bohmermann,74,1607500335
Trey,Bohmert,33,2108785490
Margarita,Bohmler,57,566112132
Skyler,Bohnel,49,437180529
Sade,Bohnisch,23,1942481690
Lyndsay,Bohnke,92,1137638147
Jacklyn,Bohnlein,29,745792349
Marina,Bohnsch,35,981766422
Rogelio,Bohnstedt,40,936621968
Racheal,Bohrkircher,43,1803602255
Mollie,Boing,39,1262486766
Liliana,Bok,25,1322710936
Maegan,Boke,53,81458260
Felipe,Bokelmann,52,284665220
Malcolm,Boken,57,198619204
Santana,Bokenbrink,87,1992232983
Anastasia,Bokenhans,40,2138078721
Madeline,Bokenheide,26,1902736997
Breanne,Bokenkamp,5,309667127
Tiffanie,Bokenkroger,78,1476492728
Dillon,Boker,69,258219170
Melisa,Bokers,27,582972798
Darrin,Bokmann,20,1456139563
Carlton,Bolck,21,1527793660
Cornelius,Bolcke,83,729568616
Precious,Bolckow,67,1538128223
Ivy,Bolting,82,1818084292
Lea,Bomeke,11,2067247035
Susana,Bomer,53,1705632563
Loren,Bonicke,8,1750621862
Jeff,Bonig,68,1579059895
Chiquita,Boning,98,1562887660
Teri,Bonisch,68,1401422376
Tera,Bonneken,9,2126362173
Caitlyn,Bonsch,3,1510574887
Hailey,Borger,54,1815754673
Donte,Borgers,57,1922018481
Oliver,Borjeson,23,625321929
Natalia,Borjesson,96,1815983044
Cherie,Borkircher,42,1475952280
Lakisha,Borner,12,1189544209
Karissa,Borners,55,242639747
Jeannette,Bornert,54,1579952366
Ariana,Bornge,34,612203759
Lucia,Borngen,81,366831742
Jerrod,Bosch,73,894869401
Kassandra,Bosche,38,1810713171
Guy,Boschel,13,1368062958
Milton,Boschen,99,1628414422
Micaela,Boscher,84,628257755
Salvatore,Boschges,61,654829090
Kimberley,Boschke,80,612816071
Gerard,Boschken,23,547772603
Gene,Boschl,0,1660038320
Weston,Boschner,0,1243769942
Diego,Bose,52,614340012
Tasia,Bosel,4,1855103807
Mariah,Bosensell,59,1145975358
Jimmie,Boshans,25,1019382894
Zackary,Boshenz,17,278190158
Hugo,Bosing,36,1973521090
Leanna,Bosl,60,1184622626
Lacie,Bospflug,14,1483332973
Donnie,Bosz,37,553918865
Aisha,Botcher,48,1752143421
Marianne,Botge,20,1955769409
Lana,Botger,63,1478705400
Kyla,Bothgen,32,688852786
Ginger,Bottcher,4,1659239833
Tiana,Bottge,58,95266356
Lashonda,Bottgen,27,1189914410
Dayna,Bottger,68,1041356631
Marcia,Bottges,69,1566586128
Luz,Botticher,41,37623446
Janna,Bottiger,74,1798027458
Riley,Bussenschutt,5,1824700010
Desirae,Buurma,1,1488873165
Billie,Buch,89,1113331867
Zane,Buche,90,1267040926
Johnnie,Buchel,32,1788986238
Greg,Buchele,99,701943705
Angelique,Bucheler,0,1131189562
Kali,Buchen,57,2018373832
Silvia,Bucher,48,2059643461
Asia,Bucherl,17,2021449807
Quincy,Buchers,69,138172497
Catrina,Buchert,69,717032538
Rusty,Buchholz,28,1961415139
Frankie,Buchle,18,1219377470
Athena,Buchler,85,574620392
Randolph,Buchner,80,167368542
Sheldon,Buchold,54,346502533
Maricela,Bucholdt,7,1113675743
Tomas,Buchsenschutz,0,333480550
Toby,Bucklein,21,979601485
Nadine,Budenbender,88,1104933720
Keshia,Bugelsteiber,90,1572255140
Tosha,Buhler,34,1714710647
Maranda,Buhmann,25,1908681983
Lester,Buhr,61,825791694
Brendon,Buhrer,42,1634296630
Korey,Bulck,91,699045063
Lynette,Bulow,20,2143493320
Joan,Bultena,54,339980538
Justina,Bultermann,42,364531492
Moses,Bulzebruck,30,2085308422
Dominque,Bumann,34,1166437685
Abbey,Bundge,8,40658094
Kristyn,Bundgen,80,1744161708
Dewayne,Bundgens,44,365862802
Alonzo,Bundges,45,349121784
Laci,Bunger,22,110341087
Cori,Buning,25,1559436157
Debbie,Bunnagel,35,1217038602
Zackery,Bunning,92,1304438548
Parker,Bunte,96,955798986
Forrest,Burck,30,859310840
Blaine,Burckel,49,995097051
Trina,Burckner,12,20336956
Herman,Burcky,89,2070707654
Selena,Burer,48,102194872
Myra,Burgel,28,916768482
Joni,Burgelin,57,145376088
Bailey,Burger,76,1401262337
Julianna,Burgers,97,1331565220
Edith,Burgle,39,318333694
Octavia,Burglen,5,1090438014
Bryon,Burgler,82,1454580282
Arielle,Burglin,23,106242869
Giovanni,Burkel,36,1823025015
Jarod,Burkl,17,419481884
Floyd,Burkle,53,54449299
Sonja,Burklein,24,138700754
Kody,Burklen,50,2134113236
Jamel,Burkler,10,237140292
Jeannie,Burklin,42,543906158
Elissa,Busch,64,1918386023
Leonardo,Busche,41,1607967721
Sadie,Buschel,11,270617569
Madison,Buschemann,10,1805816260
Kandice,Buschen,90,481387902
Janie,Buscher,55,1135386147
Reid,Buschers,16,405341089
Alanna,Buschgen,81,2074216439
Linsey,Buschgens,58,966618017
Moises,Buschges,6,1922265375
Darcy,Buschke,1,233614511
Britni,Buschken,74,517408978
Beatrice,Buschkens,65,878777377
Everett,Buschkes,66,531352976
Corina,Buschking,69,413892161
Brooks,Buschl,34,1455252833